<?xml version="1.0" encoding="UTF-8" standalone="yes"?>
<addon id="plugin.video.icefilms"
       name="Icefilms"
       version="1.99.86"
       provider-name="Eldorado">
    <requires>
        <import addon="xbmc.python" version="2.1.0"/>
        <import addon="script.module.simplejson" version="3.3.0"/>
        <import addon="script.module.elementtree" />
        <import addon="script.module.beautifulsoup" />
        <import addon="script.module.metahandler" version="2.5.1" />
        <import addon="script.module.addon.common" version="2.0.0" />
        <import addon="script.module.axel.downloader" version="0.2.1" />
        <import addon="script.module.urlresolver" version="3.0.0"/>
        <!--import addon="script.module.pyxbmct" version="1.1.2" /-->
        <import addon="script.common.plugin.cache" /> 
    </requires>
    <extension point="xbmc.python.pluginsource"
               library="default.py">
        <provides>video</provides>
    </extension>
    <extension point="xbmc.addon.metadata">
        <platform>all</platform>
        <summary>Stream and download videos from the links catalogued on Icefilms.info</summary>
        <description> 
Stream and download to your library DVD and HD720p quality videos. Browse and search the library of over 77,000 videos with metadata and posters.

Disclaimer: This addon in no way condones or endorses piracy, it is at the users discretion as to whether content found within this addon complies with their local copyright laws. All content is found on the originating website Icefilms.info. The addon is in no way affiliated with the website. The addon simply scrapes what is available and does not attempt to distinguish between what is copyright material.</description>
    </extension>
</addon>
